body,ideal_answer,exact_answer,snippets
Do only changes in coding regions of MEF2C cause developmental disorders?,No. Non-coding region variants upstream of MEF2C cause severe developmental disorder through three distinct loss-of-function mechanisms.,n | o,['http://www.ncbi.nlm.nih.gov/pubmed/34022131']
Which factor is inhibited by Milvexian?,"Milvexian is a small molecule, active-site inhibitor of factor XIa (FXIa) being developed to prevent and treat thrombotic events.",XIa,"['http://www.ncbi.nlm.nih.gov/pubmed/34494428', 'http://www.ncbi.nlm.nih.gov/pubmed/34558200', 'http://www.ncbi.nlm.nih.gov/pubmed/34780683', 'http://www.ncbi.nlm.nih.gov/pubmed/34752670']"
What is Granzyme B?,Granzyme B is a serine protease that is secreted by Natural Killer (NK) cells and cytotoxic T lymphocytes during a cellular immune response and can induce apoptosis.,Granzyme B is a serine protease,"['http://www.ncbi.nlm.nih.gov/pubmed/34549432', 'http://www.ncbi.nlm.nih.gov/pubmed/32324629', 'http://www.ncbi.nlm.nih.gov/pubmed/32302642', 'http://www.ncbi.nlm.nih.gov/pubmed/32079690', 'http://www.ncbi.nlm.nih.gov/pubmed/32608278', 'http://www.ncbi.nlm.nih.gov/pubmed/34509050']"
"Is CircRNA produced by back splicing of exon, intron or both, forming exon or intron circRNA?",Human transcriptome contains a large number of circular RNAs (circRNAs) that are mainly produced by back splicing of pre-mRNA.,y | e | s,"['http://www.ncbi.nlm.nih.gov/pubmed/34160816', 'http://www.ncbi.nlm.nih.gov/pubmed/34313732', 'http://www.ncbi.nlm.nih.gov/pubmed/29322444', 'http://www.ncbi.nlm.nih.gov/pubmed/31931031', 'http://www.ncbi.nlm.nih.gov/pubmed/32751504', 'http://www.ncbi.nlm.nih.gov/pubmed/34179306', 'http://www.ncbi.nlm.nih.gov/pubmed/28265491', 'http://www.ncbi.nlm.nih.gov/pubmed/33662561', 'http://www.ncbi.nlm.nih.gov/pubmed/33649838', 'http://www.ncbi.nlm.nih.gov/pubmed/27365365', 'http://www.ncbi.nlm.nih.gov/pubmed/29116363', 'http://www.ncbi.nlm.nih.gov/pubmed/33614648']"
How does condensin affect the function of topoisomeraseII?,Condensin prevents deleterious anaphase bridges during chromosome segregation by promoting sister chromatid decatenation which are created by topoisomerase II. Condensin-dependent localisation of topoisomerase II to an axial chromosomal structure is required for sister chromatid resolution during mitosis. | aids sister chromatid decatenation by topoisomerase II | Condensin prevents deleterious anaphase bridges during chromosome segregation by promoting sister chromatid decatenation. | aids sister chromatid decatenation | Condensin interferes with the function of Topo II. It prevents catenanes from persisting between sister chromatids during mitosis. | Condensin aids sister chromatid decatenation by topoisomerase II and minimizes topoisomerase II-mediated entanglements of DNA in vivo,,"['http://www.ncbi.nlm.nih.gov/pubmed/24062159', 'http://www.ncbi.nlm.nih.gov/pubmed/22236810', 'http://www.ncbi.nlm.nih.gov/pubmed/23133392', 'http://www.ncbi.nlm.nih.gov/pubmed/17360754', 'http://www.ncbi.nlm.nih.gov/pubmed/14600262']"
Which signaling pathway does LY294002 inhibit?,"LY294002, can block the PI3K/AKT signaling pathway.",PI3K/AKT,['http://www.ncbi.nlm.nih.gov/pubmed/34820336']
Is METTL1 overexpression associated with better patient survival?,No. METTL1 is frequently amplified and overexpressed in cancers and is associated with poor patient survival.,n | o,['http://www.ncbi.nlm.nih.gov/pubmed/34352207']
List monoclonal antibodies included in the REGEN-COV.,REGEN-COV is a combination of the monoclonal antibodies casirivimab and imdevimab. It has been shown to markedly reduce the risk of hospitalization or death among high-risk persons with coronavirus disease 2019.,casirivimab | imdevimab,"['http://www.ncbi.nlm.nih.gov/pubmed/34587383', 'http://www.ncbi.nlm.nih.gov/pubmed/34463470', 'http://www.ncbi.nlm.nih.gov/pubmed/34159343', 'http://www.ncbi.nlm.nih.gov/pubmed/34159344', 'http://www.ncbi.nlm.nih.gov/pubmed/34347950', 'http://www.ncbi.nlm.nih.gov/pubmed/34393218', 'http://www.ncbi.nlm.nih.gov/pubmed/34673689', 'http://www.ncbi.nlm.nih.gov/pubmed/34716907']"
Which disease is caused by mutations in the gene PRF1?,"The presence of mutations in PRF1, UNC13D, STX11 and STXBP2 genes in homozygosis or compound heterozygosis results in immune deregulation. Most such cases lead to clinical manifestations of haemophagocytic lymphohistiocytosis (HLH).",haemophagocytic lymphohistiocytosis (HLH),"['http://www.ncbi.nlm.nih.gov/pubmed/33869605', 'http://www.ncbi.nlm.nih.gov/pubmed/34339548', 'http://www.ncbi.nlm.nih.gov/pubmed/31865540', 'http://www.ncbi.nlm.nih.gov/pubmed/29216683']"
